ticker,date,open,close
0P00000CT1.F,2026-09-21,341.98999,341.98999
0P00000CT1.F,2026-09-22,344.200012,344.200012
0P00000CT1.F,2026-09-23,340.730011,340.730011
0P00000CT1.F,2026-09-24,339.399994,339.399994
0P00000CT1.F,2026-09-25,341.570007,341.570007
0P00000CT1.F,2026-09-28,340.619995,340.619995
0P00000CT1.F,2026-09-29,342.899994,342.899994
0P00000CT1.F,2026-09-30,339.359985,339.359985
0P00000CT1.F,2026-10-01,336.410004,336.410004
0P00000CT1.F,2026-10-02,337.540009,337.540009
0P00000CT1.F,2026-10-05,338.299988,338.299988
0P00000CT1.F,2026-10-06,340.420013,340.420013
0P00000G7B.F,2026-09-21,174.860001,174.860001
0P00000G7B.F,2026-09-22,174.570007,174.570007
0P00000G7B.F,2026-09-23,174.830002,174.830002
0P00000G7B.F,2026-09-24,174.320007,174.320007
0P00000G7B.F,2026-09-25,173.929993,173.929993
0P00000G7B.F,2026-09-28,173.850006,173.850006
0P00000G7B.F,2026-09-29,173.300003,173.300003
0P00000G7B.F,2026-09-30,172.369995,172.369995
0P00000G7B.F,2026-10-01,171.190002,171.190002
0P00000G7B.F,2026-10-02,171.729996,171.729996
0P00000G7B.F,2026-10-05,172.860001,172.860001
0P00000G7B.F,2026-10-06,173.039993,173.039993
0P00019QIN.F,2026-09-21,136.720001,136.720001
0P00019QIN.F,2026-09-22,137.020004,137.020004
0P00019QIN.F,2026-09-23,137.580002,137.580002
0P00019QIN.F,2026-09-24,137.210007,137.210007
0P00019QIN.F,2026-09-25,137.190002,137.190002
0P00019QIN.F,2026-09-28,137.130005,137.130005
0P00019QIN.F,2026-09-29,136.990005,136.990005
0P00019QIN.F,2026-09-30,136.75,136.75
0P00019QIN.F,2026-10-01,136.669998,136.669998
0P00019QIN.F,2026-10-02,136.509995,136.509995
0P00019QIN.F,2026-10-05,137.149994,137.149994
0P00019QIN.F,2026-10-06,137.639999,137.639999
2B7K.DE,2026-09-14,13.708,13.712
2B7K.DE,2026-09-15,13.68,13.644
2B7K.DE,2026-09-16,13.69,13.734
2B7K.DE,2026-09-17,13.8,13.81
2B7K.DE,2026-09-18,13.798,13.738
2B7K.DE,2026-09-21,13.856,13.908
2B7K.DE,2026-09-22,13.952,13.98
2B7K.DE,2026-09-23,14.054,14.018
2B7K.DE,2026-09-24,13.938,13.916
2B7K.DE,2026-09-25,14.008,13.964
2B7K.DE,2026-09-28,13.966,13.972
2B7K.DE,2026-09-29,14.004,14.028
2B7K.DE,2026-09-30,14.08,14.046
2B7K.DE,2026-10-01,14.078,14.082
2B7K.DE,2026-10-02,14.164,14.228
2B7K.DE,2026-10-05,14.304,14.312
2B7K.DE,2026-10-06,14.392,14.376
3USL.MI,2026-09-14,157.160004,157.369995
3USL.MI,2026-09-15,156.779999,155.880005
3USL.MI,2026-09-16,157.149994,157.75
3USL.MI,2026-09-17,158.399994,159.300003
3USL.MI,2026-09-18,161.440002,159.440002
3USL.MI,2026-09-21,163.0,165.550003
3USL.MI,2026-09-22,168.009995,167.839996
3USL.MI,2026-09-23,168.889999,165.800003
3USL.MI,2026-09-24,162.720001,162.710007
3USL.MI,2026-09-25,165.550003,165.410004
3USL.MI,2026-09-28,165.460007,163.289993
3USL.MI,2026-09-29,164.350006,162.520004
3USL.MI,2026-09-30,164.149994,165.720001
3USL.MI,2026-10-01,164.789993,161.929993
3USL.MI,2026-10-02,165.259995,166.990005
3USL.MI,2026-10-05,167.960007,170.259995
3USL.MI,2026-10-06,172.059998,174.960007
4GLD.DE,2026-09-14,120.279999,119.580002
4GLD.DE,2026-09-15,119.68,119.370003
4GLD.DE,2026-09-16,120.709999,121.209999
4GLD.DE,2026-09-17,120.82,122.160004
4GLD.DE,2026-09-18,122.949997,122.169998
4GLD.DE,2026-09-21,122.040001,122.040001
4GLD.DE,2026-09-22,121.239998,121.790001
4GLD.DE,2026-09-23,121.93,120.959999
4GLD.DE,2026-09-24,120.889999,120.199997
4GLD.DE,2026-09-25,120.790001,120.860001
4GLD.DE,2026-09-28,117.779999,116.620003
4GLD.DE,2026-09-29,117.239998,118.0
4GLD.DE,2026-09-30,118.809998,117.760002
4GLD.DE,2026-10-01,118.800003,119.050003
4GLD.DE,2026-10-02,119.43,118.349998
4GLD.DE,2026-10-05,119.309998,118.690002
4GLD.DE,2026-10-06,118.510002,118.900002
IS04.DE,2026-09-14,2.6058,2.6178
IS04.DE,2026-09-15,2.6,2.607
IS04.DE,2026-09-16,2.6066,2.6183
IS04.DE,2026-09-17,2.6341,2.6488
IS04.DE,2026-09-18,2.6575,2.6373
IS04.DE,2026-09-21,2.65,2.6535
IS04.DE,2026-09-22,2.6525,2.6593
IS04.DE,2026-09-23,2.6672,2.6378
IS04.DE,2026-09-24,2.6249,2.6133
IS04.DE,2026-09-25,2.6085,2.5843
IS04.DE,2026-09-28,2.5926,2.5677
IS04.DE,2026-09-29,2.576,2.5655
IS04.DE,2026-09-30,2.5789,2.5511
IS04.DE,2026-10-01,2.5574,2.5829
IS04.DE,2026-10-02,2.5791,2.5802
IS04.DE,2026-10-05,2.5952,2.5682
IS04.DE,2026-10-06,2.576,2.5744
IUSM.DE,2026-09-14,144.184998,144.304993
IUSM.DE,2026-09-15,143.850006,144.005005
IUSM.DE,2026-09-16,143.964996,144.470001
IUSM.DE,2026-09-17,144.990005,145.369995
IUSM.DE,2026-09-18,145.425003,144.945007
IUSM.DE,2026-09-21,145.199997,145.279999
IUSM.DE,2026-09-22,145.259995,145.619995
IUSM.DE,2026-09-23,146.050003,145.149994
IUSM.DE,2026-09-24,144.839996,144.610001
IUSM.DE,2026-09-25,144.550003,144.050003
IUSM.DE,2026-09-28,144.294998,143.774994
IUSM.DE,2026-09-29,144.080002,144.184998
IUSM.DE,2026-09-30,144.445007,143.880005
IUSM.DE,2026-10-01,144.240005,145.684998
IUSM.DE,2026-10-02,145.679993,145.449997
IUSM.DE,2026-10-05,146.320007,145.425003
IUSM.DE,2026-10-06,145.690002,145.410004
LQQ.PA,2026-09-14,9.167,9.312
LQQ.PA,2026-09-15,9.27,9.202
LQQ.PA,2026-09-16,9.265,9.338
LQQ.PA,2026-09-17,9.382,9.526
LQQ.PA,2026-09-18,9.659,9.559
LQQ.PA,2026-09-21,9.82,10.098
LQQ.PA,2026-09-22,10.226,10.352
LQQ.PA,2026-09-23,10.45,10.288
LQQ.PA,2026-09-24,10.134,10.156
LQQ.PA,2026-09-25,10.382,10.328
LQQ.PA,2026-09-28,10.206,10.134
LQQ.PA,2026-09-29,10.17,10.23
LQQ.PA,2026-09-30,10.23,10.396
LQQ.PA,2026-10-01,10.542,10.32
LQQ.PA,2026-10-02,10.506,10.64
LQQ.PA,2026-10-05,10.676,10.776
LQQ.PA,2026-10-06,10.886,10.984
QQQ,2025-05-19,510.668827,518.384888
QQQ,2025-05-20,515.862611,516.657104
QQQ,2025-05-21,512.684937,509.477325
QQQ,2025-05-22,510.092968,510.430634
QQQ,2025-05-23,502.664896,505.703644
QQQ,2025-05-27,512.565725,517.600464
QQQ,2025-05-28,518.553769,515.306458
QQQ,2025-05-29,522.675039,516.319458
QQQ,2025-05-30,515.832791,515.505066
QQQ,2025-06-02,513.648207,519.576782
QQQ,2025-06-03,519.924166,523.638184
QQQ,2025-06-04,524.343291,525.098022
QQQ,2025-06-05,526.498276,521.145691
QQQ,2025-06-06,526.319513,526.240051
QQQ,2025-06-09,526.45854,527.014648
QQQ,2025-06-10,527.481438,530.500366
QQQ,2025-06-11,531.900438,528.712708
QQQ,2025-06-12,527.402002,529.954102
QQQ,2025-06-13,524.015569,523.300598
QQQ,2025-06-16,526.815992,530.579651
QQQ,2025-06-17,528.017686,525.405945
QQQ,2025-06-18,526.418744,525.316467
QQQ,2025-06-20,528.563794,523.171509
QQQ,2025-06-23,523.739211,528.551025
QQQ,2025-06-24,533.760437,536.633606
QQQ,2025-06-25,538.90021,538.005432
QQQ,2025-06-26,540.182684,543.03595
QQQ,2025-06-27,544.070024,544.895203
QQQ,2025-06-30,548.046649,548.424438
QQQ,2025-07-01,546.525593,543.801575
QQQ,2025-07-02,542.976327,547.589294
QQQ,2025-07-03,549.955464,552.977722
QQQ,2025-07-07,550.2935,548.812195
QQQ,2025-07-08,550.154338,549.120422
QQQ,2025-07-09,551.247866,553.007568
QQQ,2025-07-10,553.643889,552.21228
QQQ,2025-07-11,550.074765,550.969543
QQQ,2025-07-14,550.760743,552.967834
QQQ,2025-07-15,556.984306,553.474854
QQQ,2025-07-16,554.031674,554.041565
QQQ,2025-07-17,554.767273,558.525208
QQQ,2025-07-18,559.837486,557.988342
QQQ,2025-07-21,558.813577,560.881409
QQQ,2025-07-22,561.010664,557.978455
QQQ,2025-07-23,559.062096,560.523499
QQQ,2025-07-24,561.835848,561.716553
QQQ,2025-07-25,561.636873,563.068481
QQQ,2025-07-28,564.430615,564.828308
QQQ,2025-07-29,567.432967,563.953369
QQQ,2025-07-30,564.867964,564.708923
QQQ,2025-07-31,571.190971,561.716553
QQQ,2025-08-01,555.572587,550.651428
QQQ,2025-08-04,555.791217,560.811768
QQQ,2025-08-05,562.094301,557.00415
QQQ,2025-08-06,557.839238,564.013062
QQQ,2025-08-07,568.337703,565.921875
QQQ,2025-08-08,567.12479,571.200867
QQQ,2025-08-11,571.340043,569.510742
QQQ,2025-08-12,571.807373,576.668884
QQQ,2025-08-13,579.363091,576.957214
QQQ,2025-08-14,574.909165,576.509766
QQQ,2025-08-15,576.420292,573.97467
QQQ,2025-08-18,573.079955,573.746033
QQQ,2025-08-19,573.030149,565.961609
QQQ,2025-08-20,565.017146,562.601318
QQQ,2025-08-21,561.060353,559.996643
QQQ,2025-08-22,561.37855,568.635986
QQQ,2025-08-25,567.075156,566.995605
QQQ,2025-08-26,566.508392,569.272156
QQQ,2025-08-27,568.258206,570.147095
QQQ,2025-08-28,570.763407,573.716125
QQQ,2025-08-29,571.310252,567.075134
QQQ,2025-09-02,558.038123,562.322998
QQQ,2025-09-03,565.91194,566.74707
QQQ,2025-09-04,567.413075,571.876892
QQQ,2025-09-05,577.106257,572.702087
QQQ,2025-09-08,574.998642,575.495728
QQQ,2025-09-09,576.290968,577.126099
QQQ,2025-09-10,580.337383,577.315125
QQQ,2025-09-11,579.840224,580.675354
QQQ,2025-09-12,581.629743,583.240295
QQQ,2025-09-15,585.009975,588.231079
QQQ,2025-09-16,589.155544,587.733887
QQQ,2025-09-17,587.654416,586.560852
QQQ,2025-09-18,591.442209,591.849854
QQQ,2025-09-19,593.848139,595.856323
QQQ,2025-09-22,594.944625,599.383789
QQQ,2025-09-23,599.553009,595.402527
QQQ,2025-09-24,596.776084,593.312317
QQQ,2025-09-25,589.430597,590.754395
QQQ,2025-09-26,591.570442,593.182861
QQQ,2025-09-29,596.30822,595.929993
QQQ,2025-09-30,595.631448,597.562378
QQQ,2025-10-01,594.37725,600.428833
QQQ,2025-10-02,604.221014,602.897217
QQQ,2025-10-03,603.673636,600.359192
QQQ,2025-10-06,605.604572,604.868042
QQQ,2025-10-07,606.171902,601.682983
QQQ,2025-10-08,602.578737,608.580566
QQQ,2025-10-09,608.620376,607.844055
QQQ,2025-10-10,608.540772,586.743164
QQQ,2025-10-13,596.875521,599.194641
QQQ,2025-10-14,592.526008,595.20343
QQQ,2025-10-15,601.185416,599.403748
QQQ,2025-10-16,602.280195,597.184143
QQQ,2025-10-17,595.153637,601.105652
QQQ,2025-10-20,604.300667,608.680054
QQQ,2025-10-21,608.779729,608.520935
QQQ,2025-10-22,607.963477,602.658386
QQQ,2025-10-23,602.081021,607.724548
QQQ,2025-10-24,613.109195,614.213989
QQQ,2025-10-27,621.599459,625.152771
QQQ,2025-10-28,627.412057,629.960083
QQQ,2025-10-29,632.617663,632.796814
QQQ,2025-10-30,629.213567,623.122192
QQQ,2025-10-31,631.204299,626.128174
QQQ,2025-11-03,632.139822,629.124023
QQQ,2025-11-04,620.365248,616.354065
QQQ,2025-11-05,615.597596,620.365234
QQQ,2025-11-06,618.88224,608.80957
QQQ,2025-11-07,605.465184,606.888489
QQQ,2025-11-10,616.025588,620.31543
QQQ,2025-11-11,617.667885,618.663208
QQQ,2025-11-12,621.917963,618.175537
QQQ,2025-11-13,614.651958,605.554749
QQQ,2025-11-14,596.746235,606.012695
QQQ,2025-11-17,603.464644,600.836975
QQQ,2025-11-18,596.815819,593.521301
QQQ,2025-11-19,594.277804,597.064697
QQQ,2025-11-20,608.759748,582.931091
QQQ,2025-11-21,584.722609,587.310486
QQQ,2025-11-24,592.496156,602.329895
QQQ,2025-11-25,600.687696,606.042542
QQQ,2025-11-26,609.64556,611.397339
QQQ,2025-11-28,613.228735,616.354065
QQQ,2025-12-01,610.760329,614.283752
QQQ,2025-12-02,616.563026,619.091125
QQQ,2025-12-03,616.72234,620.604126
QQQ,2025-12-04,622.007478,620.026794
QQQ,2025-12-05,621.4601,622.554932
QQQ,2025-12-08,624.276825,621.360535
QQQ,2025-12-09,620.096393,622.126831
QQQ,2025-12-10,620.932562,624.674988
QQQ,2025-12-11,620.902701,622.65448
QQQ,2025-12-12,619.170886,610.750427
QQQ,2025-12-15,615.478153,607.684753
QQQ,2025-12-16,605.41543,608.889099
QQQ,2025-12-17,610.192977,597.602112
QQQ,2025-12-18,606.948189,606.261414
QQQ,2025-12-19,609.088181,614.164307
QQQ,2025-12-22,619.240966,617.108276
QQQ,2025-12-23,616.101711,619.998413
QQQ,2025-12-24,619.878899,621.812317
QQQ,2025-12-26,622.539745,621.7724
QQQ,2025-12-29,617.995228,618.762634
QQQ,2025-12-30,617.736157,617.327515
QQQ,2025-12-31,617.546816,612.224915
QQQ,2026-01-02,617.955449,611.039001
QQQ,2026-01-05,617.217898,615.892395
QQQ,2026-01-06,617.128235,621.304016
QQQ,2026-01-07,620.925323,621.902039
QQQ,2026-01-08,620.915383,618.364014
QQQ,2026-01-09,619.300806,624.523071
QQQ,2026-01-12,620.19777,625.04126
QQQ,2026-01-13,625.140974,624.114441
QQQ,2026-01-14,620.128016,617.447144
QQQ,2026-01-15,624.473203,619.669617
QQQ,2026-01-16,623.376966,619.151367
QQQ,2026-01-20,608.457803,605.996155
QQQ,2026-01-21,607.401289,614.188232
QQQ,2026-01-22,620.237584,618.653015
QQQ,2026-01-23,617.626542,620.606384
QQQ,2026-01-26,621.094734,623.337097
QQQ,2026-01-27,626.775357,628.987854
QQQ,2026-01-28,633.303188,631.07074
QQQ,2026-01-29,630.502743,627.29364
QQQ,2026-01-30,623.586271,619.759277
QQQ,2026-02-02,616.600081,624.014832
QQQ,2026-02-03,626.167414,614.427429
QQQ,2026-02-04,612.932525,603.69397
QQQ,2026-02-05,598.172862,595.003662
QQQ,2026-02-06,598.152837,607.58075
QQQ,2026-02-09,605.477907,612.234924
QQQ,2026-02-10,613.221524,609.394531
QQQ,2026-02-11,614.287912,611.028992
QQQ,2026-02-12,612.623569,598.601318
QQQ,2026-02-13,598.392081,599.877014
QQQ,2026-02-17,596.348961,599.259033
QQQ,2026-02-18,600.066324,603.733826
QQQ,2026-02-19,600.763959,601.421692
QQQ,2026-02-20,598.083084,606.743591
QQQ,2026-02-23,604.551015,599.368652
QQQ,2026-02-24,600.355358,605.806763
QQQ,2026-02-25,608.995909,614.586853
QQQ,2026-02-26,613.500603,607.172119
QQQ,2026-02-27,600.93333,605.228699
QQQ,2026-03-02,596.827349,606.026062
QQQ,2026-03-03,594.305966,599.538147
QQQ,2026-03-04,602.109343,608.677002
QQQ,2026-03-05,605.338377,606.843201
QQQ,2026-03-06,598.272452,597.714355
QQQ,2026-03-09,592.213038,605.697144
QQQ,2026-03-10,605.717129,605.707153
QQQ,2026-03-11,606.883113,605.62738
QQQ,2026-03-12,600.714182,595.232849
QQQ,2026-03-13,597.694384,591.704773
QQQ,2026-03-16,598.003351,598.342224
QQQ,2026-03-17,601.092862,601.262268
QQQ,2026-03-18,599.448458,592.880859
QQQ,2026-03-19,587.509106,591.007202
QQQ,2026-03-20,589.053864,580.084412
QQQ,2026-03-23,589.257797,586.743164
QQQ,2026-03-24,583.559932,582.731689
QQQ,2026-03-25,587.880723,586.563538
QQQ,2026-03-26,581.354642,572.563477
QQQ,2026-03-27,569.589891,561.377502
QQQ,2026-03-30,566.167194,557.08667
QQQ,2026-03-31,563.083767,575.946228
QQQ,2026-04-01,580.237067,583.061035
QQQ,2026-04-02,572.743078,583.729553
QQQ,2026-04-06,584.976898,587.242065
QQQ,2026-04-07,584.388203,587.331909
QQQ,2026-04-08,607.408889,604.794495
QQQ,2026-04-09,604.634838,608.885742
QQQ,2026-04-10,610.532229,609.763855
QQQ,2026-04-13,608.177186,616.070312
QQQ,2026-04-14,618.894195,627.256287
QQQ,2026-04-15,627.735314,636.037537
QQQ,2026-04-16,637.843697,639.100952
QQQ,2026-04-17,644.210032,647.463013
QQQ,2026-04-20,646.654738,645.40741
QQQ,2026-04-21,647.023932,642.952698
QQQ,2026-04-22,648.760358,653.709717
QQQ,2026-04-23,652.152979,650.027527
QQQ,2026-04-24,657.102421,662.460938
QQQ,2026-04-27,661.981999,662.810181
QQQ,2026-04-28,656.004755,656.14447
QQQ,2026-04-29,657.222166,660.155884
QQQ,2026-04-30,663.927716,666.312622
QQQ,2026-05-01,667.7296,672.708984
QQQ,2026-05-04,673.217875,671.441711
QQQ,2026-05-05,676.510854,680.153015
QQQ,2026-05-06,686.309865,694.282776
QQQ,2026-05-07,695.091038,693.454529
QQQ,2026-05-08,698.423895,709.709717
QQQ,2026-05-11,708.841529,711.765259
QQQ,2026-05-12,706.706096,705.72821
QQQ,2026-05-13,708.442465,713.182312
QQQ,2026-05-14,713.092472,718.251404
QQQ,2026-05-15,708.622108,707.414673
QQQ,2026-05-18,710.019029,704.371155
QQQ,2026-05-19,698.314162,700.030518
QQQ,2026-05-20,703.782426,711.625671
QQQ,2026-05-21,707.474507,712.982727
QQQ,2026-05-22,716.535122,716.006226
QQQ,2026-05-26,724.408282,728.719055
QQQ,2026-05-27,731.393315,727.890808
QQQ,2026-05-28,728.17014,734.027588
QQQ,2026-05-29,736.262845,736.731812
QQQ,2026-06-01,735.464576,741.152405
QQQ,2026-06-02,740.813091,744.565002
QQQ,2026-06-03,745.712612,742.619263
QQQ,2026-06-04,733.907877,739.026917
QQQ,2026-06-05,728.499479,703.552917
QQQ,2026-06-08,716.275639,714.539368
QQQ,2026-06-09,721.434534,706.316956
QQQ,2026-06-10,700.160149,692.207214
QQQ,2026-06-11,697.795193,715.587097
QQQ,2026-06-12,716.076028,719.798096
QQQ,2026-06-15,736.522255,742.409668
QQQ,2026-06-16,740.663396,728.299866
QQQ,2026-06-17,733.618464,720.965576
QQQ,2026-06-18,735.624254,739.036926
QQQ,2026-06-22,741.247594,737.181824
QQQ,2026-06-23,714.994956,712.907166
QQQ,2026-06-24,714.625366,709.88031
QQQ,2026-06-25,725.144387,715.634277
QQQ,2026-06-26,706.393957,705.784607
QQQ,2026-06-29,713.24677,723.326294
QQQ,2026-06-30,723.426172,735.633484
QQQ,2026-07-01,728.430935,724.4151
QQQ,2026-07-02,724.824746,711.858215
QQQ,2026-07-06,719.180621,722.067627
QQQ,2026-07-07,713.426585,708.691528
QQQ,2026-07-08,704.216228,710.699463
QQQ,2026-07-09,717.582301,722.527161
QQQ,2026-07-10,719.949831,724.754822
QQQ,2026-07-13,716.97284,710.999084
QQQ,2026-07-14,719.470274,718.940857
QQQ,2026-07-15,723.096484,716.992859
QQQ,2026-07-16,711.268828,705.205139
QQQ,2026-07-17,690.930039,694.606201
QQQ,2026-07-20,701.429075,695.335449
QQQ,2026-07-21,705.834529,708.231995
QQQ,2026-07-22,702.887543,704.615723
QQQ,2026-07-23,693.946886,691.239746
QQQ,2026-07-24,689.691321,683.517761
QQQ,2026-07-27,690.96002,681.409973
QQQ,2026-07-28,675.526085,674.786865
QQQ,2026-07-29,674.806822,661.041138
QQQ,2026-07-30,674.057612,682.83844
QQQ,2026-07-31,691.389571,687.273865
QQQ,2026-08-03,687.58354,699.341309
QQQ,2026-08-04,707.422826,723.096497
QQQ,2026-08-05,725.494041,716.553345
QQQ,2026-08-06,710.080098,713.906128
QQQ,2026-08-07,719.400398,722.277405
QQQ,2026-08-10,721.638066,720.119629
QQQ,2026-08-11,722.537076,717.702148
QQQ,2026-08-12,726.323203,722.946716
QQQ,2026-08-13,724.395204,731.307983
QQQ,2026-08-14,732.646551,730.309021
QQQ,2026-08-17,732.18704,729.110229
QQQ,2026-08-18,719.460324,716.763123
QQQ,2026-08-19,719.640106,715.334595
QQQ,2026-08-20,711.348768,710.189941
QQQ,2026-08-21,714.485503,712.697388
QQQ,2026-08-24,708.921267,705.584778
QQQ,2026-08-25,710.479643,709.980164
QQQ,2026-08-26,707.672576,710.629517
QQQ,2026-08-27,716.183733,720.359375
QQQ,2026-08-28,718.990817,715.684265
QQQ,2026-08-31,714.425544,716.013916
QQQ,2026-09-01,706.653642,706.903381
QQQ,2026-09-02,706.363922,708.501709
QQQ,2026-09-03,710.110005,716.922913
QQQ,2026-09-04,718.601157,718.211609
QQQ,2026-09-08,720.159577,717.612244
QQQ,2026-09-09,715.654325,715.564392
QQQ,2026-09-10,706.813504,707.952332
QQQ,2026-09-11,714.935019,714.135864
QQQ,2026-09-14,702.597886,708.441772
QQQ,2026-09-15,708.062155,703.80658
QQQ,2026-09-16,707.263004,703.986389
QQQ,2026-09-17,715.204745,716.173706
QQQ,2026-09-18,718.081768,720.699036
QQQ,2026-09-21,727.890015,741.469971
QQQ,2026-09-22,740.97998,747.460022
QQQ,2026-09-23,746.969971,741.210022
QQQ,2026-09-24,735.289978,741.099976
QQQ,2026-09-25,742.830017,744.5
QQQ,2026-09-28,740.460022,736.530029
QQQ,2026-09-29,740.150024,737.929993
QQQ,2026-09-30,740.190002,739.77002
QQQ,2026-10-01,742.51001,742.030029
QQQ,2026-10-02,751.309998,749.580017
QQQ,2026-10-05,749.349976,756.200012
QQQ,2026-10-06,760.52002,759.659973
SPY,2025-05-19,578.504059,585.143921
SPY,2025-05-20,583.412709,583.176575
SPY,2025-05-21,578.838517,573.349548
SPY,2025-05-22,573.152769,573.575806
SPY,2025-05-23,566.581833,569.660767
SPY,2025-05-27,576.507206,581.504333
SPY,2025-05-28,581.907599,578.140076
SPY,2025-05-29,583.383137,580.422241
SPY,2025-05-30,579.320616,579.773132
SPY,2025-06-02,578.169696,583.03894
SPY,2025-06-03,582.674897,586.363708
SPY,2025-06-04,587.21946,586.206238
SPY,2025-06-05,587.878577,583.373291
SPY,2025-06-06,588.891744,589.363953
SPY,2025-06-09,589.934467,589.895142
SPY,2025-06-10,590.426305,593.239685
SPY,2025-06-11,594.331509,591.547668
SPY,2025-06-12,590.219777,593.898743
SPY,2025-06-13,588.734375,587.25885
SPY,2025-06-16,590.603364,592.84613
SPY,2025-06-17,590.416537,587.780273
SPY,2025-06-18,588.675395,587.691711
SPY,2025-06-20,590.356524,586.311523
SPY,2025-06-23,587.061195,592.102722
SPY,2025-06-24,596.226699,598.64386
SPY,2025-06-25,599.758695,598.979309
SPY,2025-06-26,600.824201,603.665588
SPY,2025-06-27,604.662107,606.664856
SPY,2025-06-30,609.101639,609.565308
SPY,2025-07-01,608.095362,609.368103
SPY,2025-07-02,608.963635,612.130615
SPY,2025-07-03,614.103754,616.955017
SPY,2025-07-07,615.001418,612.357361
SPY,2025-07-08,613.01844,612.022034
SPY,2025-07-09,614.419458,615.692139
SPY,2025-07-10,615.830194,617.428467
SPY,2025-07-11,614.389851,615.258057
SPY,2025-07-14,614.804168,616.432068
SPY,2025-07-15,619.105778,613.797913
SPY,2025-07-16,615.376431,615.849976
SPY,2025-07-17,616.027567,619.618713
SPY,2025-07-18,620.861886,619.164978
SPY,2025-07-21,620.338989,620.338989
SPY,2025-07-22,620.664568,620.427795
SPY,2025-07-23,623.081688,625.706055
SPY,2025-07-24,626.090787,625.913208
SPY,2025-07-25,626.574253,628.557251
SPY,2025-07-28,628.932152,628.399414
SPY,2025-07-29,629.790538,626.742004
SPY,2025-07-30,627.393082,625.952698
SPY,2025-07-31,630.885663,623.604614
SPY,2025-08-01,617.901966,613.383362
SPY,2025-08-04,617.280535,622.706787
SPY,2025-08-05,623.318468,619.549683
SPY,2025-08-06,620.615201,624.295227
SPY,2025-08-07,627.708828,623.772339
SPY,2025-08-08,625.55801,628.636169
SPY,2025-08-11,628.912455,627.393066
SPY,2025-08-12,629.73124,634.072266
SPY,2025-08-13,636.26255,636.242859
SPY,2025-08-14,634.170992,636.302063
SPY,2025-08-15,637.32799,634.812195
SPY,2025-08-18,634.240092,634.674194
SPY,2025-08-19,634.49651,631.230896
SPY,2025-08-20,630.826452,629.553711
SPY,2025-08-21,627.74839,627.028137
SPY,2025-08-22,629.208474,636.657227
SPY,2025-08-25,635.40418,633.855225
SPY,2025-08-26,633.588884,636.509155
SPY,2025-08-27,635.927158,637.959534
SPY,2025-08-28,638.561284,640.21875
SPY,2025-08-29,638.788169,636.400635
SPY,2025-09-02,628.951937,631.684814
SPY,2025-09-03,634.052556,635.108215
SPY,2025-09-04,635.779207,640.416199
SPY,2025-09-05,642.744416,638.561279
SPY,2025-09-08,639.922799,640.130005
SPY,2025-09-09,640.268054,641.609863
SPY,2025-09-10,644.855667,643.4646
SPY,2025-09-11,645.40826,648.812012
SPY,2025-09-12,648.782303,648.594849
SPY,2025-09-15,650.795044,652.047974
SPY,2025-09-16,652.600468,651.150208
SPY,2025-09-17,651.160135,650.341248
SPY,2025-09-18,653.014849,653.379883
SPY,2025-09-19,655.260655,656.616028
SPY,2025-09-22,655.131984,659.722473
SPY,2025-09-23,659.603772,656.131287
SPY,2025-09-24,657.417338,654.043701
SPY,2025-09-25,650.917495,651.026306
SPY,2025-09-26,652.470762,654.756104
SPY,2025-09-29,657.268987,656.596252
SPY,2025-09-30,655.854208,659.069519
SPY,2025-10-01,656.091695,661.315369
SPY,2025-10-02,663.293878,662.076965
SPY,2025-10-03,662.838843,662.0672
SPY,2025-10-06,664.451492,664.441589
SPY,2025-10-07,665.361629,661.978149
SPY,2025-10-08,663.096078,665.925537
SPY,2025-10-09,666.341158,663.996399
SPY,2025-10-10,664.956002,646.049988
SPY,2025-10-13,653.598568,655.963013
SPY,2025-10-14,650.155692,655.161682
SPY,2025-10-15,659.702664,658.070251
SPY,2025-10-16,659.702715,653.588684
SPY,2025-10-17,652.460824,657.298645
SPY,2025-10-20,660.197327,664.134827
SPY,2025-10-21,664.273362,664.124939
SPY,2025-10-22,664.827363,660.67218
SPY,2025-10-23,660.988803,664.589966
SPY,2025-10-24,669.239816,670.021362
SPY,2025-10-27,675.442806,677.926025
SPY,2025-10-28,679.716782,679.726685
SPY,2025-10-29,681.368922,680.053162
SPY,2025-10-30,676.600419,672.573853
SPY,2025-10-31,677.728203,674.780029
SPY,2025-11-03,678.351474,676.046387
SPY,2025-11-04,668.893546,668.032837
SPY,2025-11-05,667.775615,670.3479
SPY,2025-11-06,669.249681,663.155457
SPY,2025-11-07,660.781013,663.80835
SPY,2025-11-10,670.011443,674.166626
SPY,2025-11-11,672.692527,675.709961
SPY,2025-11-12,677.480861,676.085938
SPY,2025-11-13,673.236667,664.866943
SPY,2025-11-14,658.278102,664.758179
SPY,2025-11-17,662.551956,658.564941
SPY,2025-11-18,655.033066,653.034668
SPY,2025-11-19,653.727204,655.557434
SPY,2025-11-20,665.727665,645.565247
SPY,2025-11-21,648.058289,651.99585
SPY,2025-11-24,655.616775,661.592285
SPY,2025-11-25,661.493375,667.815186
SPY,2025-11-26,670.397308,672.425415
SPY,2025-11-28,673.5928,676.095825
SPY,2025-12-01,671.564717,673.009155
SPY,2025-12-02,674.641468,674.255676
SPY,2025-12-03,673.305944,676.590515
SPY,2025-12-04,677.985466,677.085205
SPY,2025-12-05,678.153533,678.371216
SPY,2025-12-08,679.261741,676.333313
SPY,2025-12-09,675.858384,675.749512
SPY,2025-12-10,675.274666,680.231201
SPY,2025-12-11,677.827133,681.814087
SPY,2025-12-12,680.824771,674.483215
SPY,2025-12-15,678.420708,673.464172
SPY,2025-12-16,671.980228,671.624084
SPY,2025-12-17,672.633198,664.233826
SPY,2025-12-18,670.367516,669.249573
SPY,2025-12-19,671.346369,675.315369
SPY,2025-12-22,678.639344,679.522461
SPY,2025-12-23,678.619507,682.628235
SPY,2025-12-24,682.61832,685.02948
SPY,2025-12-26,685.287481,684.960022
SPY,2025-12-29,682.211448,682.519043
SPY,2025-12-30,682.122139,681.685547
SPY,2025-12-31,681.814586,676.63501
SPY,2026-01-02,680.395659,677.875305
SPY,2026-01-05,681.219228,682.390076
SPY,2026-01-06,682.59843,686.448364
SPY,2026-01-07,686.825414,684.235657
SPY,2026-01-08,683.481544,684.166199
SPY,2026-01-09,685.277515,688.690857
SPY,2026-01-12,685.327079,689.772339
SPY,2026-01-13,690.099829,688.393188
SPY,2026-01-14,685.644576,685.009521
SPY,2026-01-15,689.186959,686.875
SPY,2026-01-16,688.28406,686.299561
SPY,2026-01-20,676.208345,672.328674
SPY,2026-01-21,674.382637,680.088074
SPY,2026-01-22,684.503572,683.64032
SPY,2026-01-23,682.816719,683.888306
SPY,2026-01-26,685.138576,687.361206
SPY,2026-01-27,688.800009,690.099854
SPY,2026-01-28,691.647768,690.030396
SPY,2026-01-29,690.992895,688.661072
SPY,2026-01-30,686.428519,686.607117
SPY,2026-02-02,684.235674,690.020447
SPY,2026-02-03,690.814257,684.186035
SPY,2026-02-04,684.99962,680.871887
SPY,2026-02-05,675.662624,672.368347
SPY,2026-02-06,676.178596,685.267578
SPY,2026-02-09,684.076857,688.571777
SPY,2026-02-10,689.564004,686.75592
SPY,2026-02-11,690.992889,686.597229
SPY,2026-02-12,688.859502,675.990051
SPY,2026-02-13,676.406837,676.46637
SPY,2026-02-17,674.868842,677.5578
SPY,2026-02-18,678.718764,680.97113
SPY,2026-02-19,678.540116,679.17511
SPY,2026-02-20,677.031971,684.086853
SPY,2026-02-23,682.499221,677.101379
SPY,2026-02-24,676.615175,682.022888
SPY,2026-02-25,684.830941,687.777954
SPY,2026-02-26,687.906959,683.957764
SPY,2026-02-27,677.795913,680.673401
SPY,2026-03-02,673.440014,681.060486
SPY,2026-03-03,669.828197,675.057373
SPY,2026-03-04,676.347316,679.82019
SPY,2026-03-05,676.793776,676.029724
SPY,2026-03-06,668.190931,667.168945
SPY,2026-03-09,661.225373,673.013306
SPY,2026-03-10,672.467495,671.931702
SPY,2026-03-11,672.32863,671.088318
SPY,2026-03-12,665.958338,660.897888
SPY,2026-03-13,664.083111,657.157166
SPY,2026-03-16,663.199923,663.84491
SPY,2026-03-17,667.178884,665.591248
SPY,2026-03-18,663.180117,656.303833
SPY,2026-03-19,651.878317,654.686401
SPY,2026-03-20,653.201008,645.301025
SPY,2026-03-23,654.753104,652.07666
SPY,2026-03-24,648.037146,649.887756
SPY,2026-03-25,655.35005,653.509399
SPY,2026-03-26,648.773402,641.838562
SPY,2026-03-27,639.261566,630.893982
SPY,2026-03-30,636.883655,628.784668
SPY,2026-03-31,635.719509,647.062073
SPY,2026-04-01,650.604166,651.937378
SPY,2026-04-02,643.16181,652.524414
SPY,2026-04-06,652.554292,655.608826
SPY,2026-04-07,653.340285,655.897278
SPY,2026-04-08,672.980812,672.602722
SPY,2026-04-09,671.438579,676.482971
SPY,2026-04-10,677.88595,676.035339
SPY,2026-04-13,673.995643,682.641846
SPY,2026-04-14,684.22382,690.959717
SPY,2026-04-15,691.755705,696.412109
SPY,2026-04-16,697.526462,698.123413
SPY,2026-04-17,702.580891,706.56073
SPY,2026-04-20,705.207522,705.147766
SPY,2026-04-21,706.700012,700.53125
SPY,2026-04-22,705.575691,707.625305
SPY,2026-04-23,705.923907,704.879211
SPY,2026-04-24,707.167629,710.341553
SPY,2026-04-27,709.575388,711.565308
SPY,2026-04-28,708.232194,708.102844
SPY,2026-04-29,707.416315,707.993408
SPY,2026-04-30,711.028064,715.03772
SPY,2026-05-01,717.614652,717.0177
SPY,2026-05-04,716.440606,714.390991
SPY,2026-05-05,718.13209,720.122009
SPY,2026-05-06,724.489821,730.131287
SPY,2026-05-07,731.34512,727.892639
SPY,2026-05-08,731.225717,733.902161
SPY,2026-05-11,732.738059,735.573669
SPY,2026-05-12,733.175874,734.459351
SPY,2026-05-13,734.74787,738.568542
SPY,2026-05-14,739.90181,744.398987
SPY,2026-05-15,738.051187,735.444397
SPY,2026-05-18,736.101047,734.927002
SPY,2026-05-19,731.076556,730.031799
SPY,2026-05-20,732.0018,737.513855
SPY,2026-05-21,734.917049,738.97644
SPY,2026-05-22,742.478726,741.881775
SPY,2026-05-26,746.22973,746.806824
SPY,2026-05-27,747.095356,746.67749
SPY,2026-05-28,746.468519,750.79657
SPY,2026-05-29,752.090081,752.667114
SPY,2026-06-01,751.552771,754.716736
SPY,2026-06-02,753.214401,755.741577
SPY,2026-06-03,754.328742,750.438416
SPY,2026-06-04,748.309148,753.274048
SPY,2026-06-05,748.518135,733.83252
SPY,2026-06-08,739.613227,735.49408
SPY,2026-06-09,739.881874,733.335022
SPY,2026-06-10,729.693522,721.773621
SPY,2026-06-11,725.086866,734.041504
SPY,2026-06-12,736.976616,738.011353
SPY,2026-06-15,748.06043,751.025452
SPY,2026-06-16,750.746858,746.548157
SPY,2026-06-17,747.503232,737.225342
SPY,2026-06-18,745.907752,744.890259
SPY,2026-06-22,745.847941,742.546143
SPY,2026-06-23,731.992289,731.762878
SPY,2026-06-24,733.348918,731.423706
SPY,2026-06-25,737.079645,732.481079
SPY,2026-06-26,727.144386,727.184265
SPY,2026-06-29,734.705591,739.16449
SPY,2026-06-30,739.45376,744.920227
SPY,2026-07-01,743.154593,743.91272
SPY,2026-07-02,745.548686,742.935181
SPY,2026-07-06,746.88532,749.419067
SPY,2026-07-07,748.361642,745.85791
SPY,2026-07-08,741.319147,743.55365
SPY,2026-07-09,745.498776,749.848022
SPY,2026-07-10,750.187115,753.079956
SPY,2026-07-13,750.606084,747.31427
SPY,2026-07-14,749.049947,749.967712
SPY,2026-07-15,752.371712,752.940308
SPY,2026-07-16,750.895398,748.860413
SPY,2026-07-17,740.241828,741.448792
SPY,2026-07-20,745.209491,740.251831
SPY,2026-07-21,744.441392,746.426514
SPY,2026-07-22,744.770573,745.558594
SPY,2026-07-23,737.538556,736.351501
SPY,2026-07-24,736.680667,737.099609
SPY,2026-07-27,743.064807,737.259277
SPY,2026-07-28,737.358995,739.024841
SPY,2026-07-29,738.137053,727.653137
SPY,2026-07-30,734.226739,739.852783
SPY,2026-07-31,742.835411,745.179626
SPY,2026-08-03,747.583618,755.793213
SPY,2026-08-04,758.745865,769.419373
SPY,2026-08-05,773.928165,767.883179
SPY,2026-08-06,768.302187,766.65625
SPY,2026-08-07,769.110163,771.344604
SPY,2026-08-10,770.686185,771.115173
SPY,2026-08-11,772.611504,768.651306
SPY,2026-08-12,772.79101,770.576477
SPY,2026-08-13,772.950632,775.953186
SPY,2026-08-14,776.611494,774.416992
SPY,2026-08-17,774.257358,770.756042
SPY,2026-08-18,766.795915,765.549011
SPY,2026-08-19,768.451736,767.154968
SPY,2026-08-20,764.062722,760.710999
SPY,2026-08-21,764.152442,763.823242
SPY,2026-08-24,762.88561,761.578796
SPY,2026-08-25,764.262137,764.012756
SPY,2026-08-26,762.835681,764.182373
SPY,2026-08-27,766.596406,769.189941
SPY,2026-08-28,769.848339,767.444275
SPY,2026-08-31,765.429299,765.149963
SPY,2026-09-01,760.122477,759.893066
SPY,2026-09-02,760.5614,763.264648
SPY,2026-09-03,765.997917,771.254822
SPY,2026-09-04,770.097726,768.282227
SPY,2026-09-08,767.164965,764.062683
SPY,2026-09-09,762.187367,760.511536
SPY,2026-09-10,756.152337,755.95282
SPY,2026-09-11,762.825717,762.39679
SPY,2026-09-14,757.119891,758.995239
SPY,2026-09-15,758.237134,755.513916
SPY,2026-09-16,757.618702,752.18219
SPY,2026-09-17,761.259685,760.710999
SPY,2026-09-18,761.309998,761.690002
SPY,2026-09-21,766.25,773.5
SPY,2026-09-22,774.030029,773.380005
SPY,2026-09-23,772.789978,767.809998
SPY,2026-09-24,764.070007,767.179993
SPY,2026-09-25,768.780029,771.349976
SPY,2026-09-28,768.349976,765.609985
SPY,2026-09-29,766.830017,764.200012
SPY,2026-09-30,766.450012,762.630005
SPY,2026-10-01,764.359985,763.98999
SPY,2026-10-02,770.580017,769.640015
SPY,2026-10-05,769.690002,774.830017
SPY,2026-10-06,778.150024,779.090027
